video_id,frame,interval
1,7080,0
1,7110,30
1,7140,30
1,7170,30
1,7200,30
1,7230,30
1,7260,30
1,7290,30
1,7320,30
1,7350,30
1,7380,30
1,10320,2940
1,10350,30
1,10380,30
1,10410,30
1,10440,30
1,10470,30
1,10500,30
1,12780,2280
1,12810,30
1,12840,30
1,12870,30
1,12900,30
1,12930,30
1,12960,30
1,14601,1641
1,14631,30
1,14661,30
1,14691,30
1,14721,30
1,14751,30
1,15420,669
1,15450,30
1,15480,30
1,15510,30
1,15540,30
1,15570,30
1,15600,30
1,15630,30
1,15660,30
1,15690,30
1,15720,30
1,15750,30
1,15780,30
1,15810,30
1,15840,30
1,15870,30
1,15900,30
1,15960,60
1,16020,60
1,16080,60
1,16200,120
1,16260,60
1,16320,60
1,16380,60
1,16440,60
1,16500,60
1,16560,60
1,16620,60
1,19260,2640
1,19290,30
1,19320,30
1,19350,30
1,19380,30
1,19410,30
1,19980,570
1,20010,30
1,20040,30
1,20070,30
1,20100,30
1,20130,30
1,20160,30
1,20190,30
1,20220,30
1,20250,30
1,20280,30
1,20310,30
1,20340,30
1,20370,30
1,20400,30
1,20430,30
1,20910,480
1,20940,30
1,20970,30
1,21000,30
1,21030,30
1,21060,30
1,22800,1740
1,23340,540
1,23400,60
1,23460,60
1,23520,60
1,23580,60
1,23640,60
1,23700,60
1,23760,60
1,23820,60
1,23880,60
1,23940,60
1,24000,60
1,24060,60
1,24120,60
1,24180,60
1,24240,60
1,24300,60
1,24360,60
1,24420,60
1,24480,60
1,24540,60
1,24600,60
1,24660,60
1,24720,60
1,25020,300
1,25050,30
1,25080,30
1,25110,30
1,25140,30
1,25170,30
1,25200,30
1,25230,30
1,25260,30
1,25290,30
1,25320,30
1,25350,30
1,25380,30
1,25410,30
1,25440,30
1,32160,6720
1,32190,30
1,32220,30
1,32250,30
1,32280,30
1,32310,30
1,32340,30
1,32370,30
1,32400,30
1,32430,30
1,33180,750
1,33240,60
1,33300,60
1,33360,60
1,33420,60
1,33480,60
1,33540,60
1,33600,60
1,33660,60
1,33720,60
1,33780,60
1,33840,60
1,33900,60
1,33960,60
1,34020,60
1,34080,60
1,34140,60
1,34200,60
1,34260,60
1,34320,60
1,34380,60
1,34440,60
1,34500,60
1,34560,60
1,34620,60
1,34680,60
1,34740,60
1,34800,60
1,34860,60
1,34920,60
1,37590,2670
1,37620,30
1,37650,30
1,37680,30
1,37710,30
1,37740,30
1,37770,30
1,37800,30
1,37830,30
1,37860,30
1,37890,30
1,37920,30
1,37950,30
1,37980,30
1,38010,30
1,38070,60
1,38100,30
1,38130,30
1,38160,30
1,38190,30
1,38220,30
1,38250,30
1,38280,30
1,38310,30
1,38340,30
1,38370,30
1,38400,30
1,38430,30
1,38460,30
1,38490,30
1,38520,30
1,38550,30
1,38580,30
1,38640,60
1,38700,60
1,38760,60
1,38820,60
1,38880,60
1,38940,60
1,39000,60
1,39060,60
1,39120,60
1,39180,60
1,39240,60
1,39300,60
1,39360,60
1,40590,1230
1,40620,30
1,40650,30
1,40680,30
1,40710,30
1,40740,30
1,40770,30
1,40800,30
1,40830,30
1,40860,30
1,40890,30
1,40920,30
1,40950,30
1,40980,30
1,41010,30
1,41040,30
1,42540,1500
1,42570,30
1,42600,30
1,42630,30
1,42660,30
1,42690,30
1,44280,1590
1,44340,60
1,44400,60
1,44460,60
1,44520,60
1,44580,60
1,44640,60
1,44700,60
1,44760,60
1,44790,30
1,44820,30
1,44850,30
1,44880,30
1,44910,30
1,44940,30
1,44970,30
1,45000,30
1,45030,30
1,45060,30
1,45090,30
1,45120,30
1,45150,30
1,45180,30
1,45210,30
1,45240,30
1,45270,30
1,45300,30
1,45330,30
1,45360,30
1,45420,60
1,45480,60
1,55770,10290
1,55800,30
1,55830,30
1,55860,30
1,55890,30
1,55920,30
1,55950,30
1,55980,30
1,56010,30
1,56040,30
1,56070,30
1,56100,30
1,56130,30
1,56880,750
1,56910,30
1,56940,30
1,56970,30
1,57000,30
1,57030,30
1,57060,30
1,57090,30
1,57120,30
1,57150,30
1,57180,30
1,57210,30
1,57240,30
1,57270,30
1,57300,30
1,57330,30
1,58410,1080
1,58440,30
1,58470,30
1,58500,30
1,58530,30
1,58560,30
1,58590,30
1,58620,30
1,58650,30
1,58680,30
1,58710,30
1,58740,30
1,58770,30
1,58800,30
1,58830,30
1,62730,3900
1,62760,30
1,62790,30
1,62820,30
1,62850,30
1,62880,30
1,62910,30
1,62940,30
1,63060,120
1,63090,30
1,63120,30
1,63360,240
1,63390,30
1,63420,30
1,63450,30
1,63480,30
1,63510,30
1,63540,30
1,67740,4200
1,67800,60
1,68040,240
1,70380,2340
1,70410,30
1,70440,30
1,70470,30
1,70500,30
1,70530,30
1,70560,30
1,70590,30
1,70620,30
1,70650,30
1,70680,30
1,70710,30
1,70740,30
1,70770,30
1,70830,60
1,70860,30
1,70890,30
1,70920,30
1,70950,30
1,70980,30
1,71010,30
1,71040,30
1,71070,30
1,71100,30
1,71130,30
1,71160,30
1,71190,30
1,71220,30
1,71250,30
1,71280,30
1,71310,30
1,71340,30
1,71370,30
1,71400,30
1,71430,30
1,71460,30
1,71490,30
1,71520,30
1,71550,30
1,71580,30
1,71610,30
1,71640,30
1,71670,30
1,71700,30
1,71730,30
1,71760,30
1,71790,30
1,71820,30
1,71850,30
1,71880,30
1,71910,30
1,71940,30
1,71970,30
1,72000,30
1,72030,30
1,72510,480
1,72570,60
1,72630,60
1,72690,60
1,72750,60
1,72810,60
1,72870,60
1,72930,60
1,72990,60
1,73050,60
1,73110,60
1,73170,60
1,73230,60
1,73290,60
1,73350,60
1,73710,360
1,73770,60
1,73800,30
1,73860,60
1,73920,60
1,77130,3210
1,77160,30
1,77190,30
1,77220,30
1,77250,30
1,77280,30
1,77310,30
1,77340,30
1,77370,30
1,77400,30
1,77430,30
1,77460,30
1,77610,150
1,77640,30
1,77670,30
1,77700,30
1,77730,30
1,77760,30
1,77790,30
1,77820,30
1,78000,180
1,78030,30
1,78060,30
1,78090,30
1,78120,30
1,78150,30
1,78180,30
1,78210,30
1,78240,30
1,78270,30
1,78300,30
1,79980,1680
1,80010,30
1,80040,30
1,80070,30
1,80100,30
1,80130,30
1,80160,30
1,80190,30
1,80220,30
1,80250,30
1,80280,30
1,82590,2310
1,82620,30
1,82650,30
1,82680,30
1,82710,30
1,82740,30
1,82770,30
1,82800,30
1,82830,30
1,82860,30
1,82890,30
1,82920,30
1,82950,30
1,82980,30
1,83010,30
1,83040,30
1,83070,30
1,83160,90
1,85290,2130
1,85320,30
1,85350,30
1,85380,30
1,85410,30
1,85440,30
1,85470,30
1,85500,30
1,85740,240
1,85770,30
1,85800,30
1,85830,30
1,85860,30
1,85890,30
1,85920,30
1,85950,30
1,85980,30
1,86010,30
1,86040,30
1,86070,30
1,86100,30
1,86130,30
1,86160,30
1,86190,30
1,86220,30
1,86250,30
1,86280,30
1,86310,30
1,86340,30
1,86370,30
1,86400,30
1,86460,60
1,86520,60
1,86580,60
1,86640,60
1,86700,60
1,86760,60
1,86820,60
1,86880,60
1,86940,60
1,87000,60
1,87060,60
1,87120,60
1,87180,60
1,87600,420
1,87660,60
1,87720,60
1,87780,60
1,87840,60
1,87900,60
1,87930,30
1,87960,30
1,87990,30
1,88020,30
1,88050,30
1,88080,30
1,88110,30
2,300,0
2,330,30
2,360,30
2,390,30
2,420,30
2,450,30
2,2010,1560
2,2040,30
2,2070,30
2,2100,30
2,2130,30
2,2160,30
2,2190,30
2,2220,30
2,2250,30
2,2280,30
2,2310,30
2,2370,60
2,2430,60
2,2460,30
2,2490,30
2,2520,30
2,2550,30
2,2580,30
2,2610,30
2,2640,30
2,2670,30
2,2700,30
2,2730,30
2,2760,30
2,2790,30
2,2820,30
2,2850,30
2,2880,30
2,2940,60
2,3000,60
2,3060,60
2,3120,60
2,3180,60
2,3240,60
2,3300,60
2,3310,10
2,3340,30
2,3370,30
2,3400,30
2,3430,30
2,3460,30
2,3490,30
2,3780,290
2,3840,60
2,3871,31
2,3900,29
2,3931,31
2,3960,29
2,3991,31
2,4020,29
2,4051,31
2,4080,29
2,5580,1500
2,5610,30
2,5640,30
2,5670,30
2,5700,30
2,5730,30
2,5760,30
2,5790,30
2,5820,30
2,5850,30
2,5880,30
2,5910,30
2,5940,30
2,10260,4320
2,10290,30
2,10320,30
2,10350,30
2,10380,30
2,10410,30
2,10440,30
2,10470,30
2,10500,30
2,10530,30
2,10560,30
2,10590,30
2,10620,30
2,10650,30
2,10680,30
2,10710,30
2,10740,30
2,10770,30
2,10800,30
2,10830,30
2,10860,30
2,10890,30
2,10920,30
2,10950,30
2,10980,30
2,11010,30
2,11040,30
2,11070,30
2,11100,30
2,11130,30
2,11160,30
2,11190,30
2,11220,30
2,11250,30
2,11280,30
2,11310,30
2,11340,30
2,11370,30
2,11400,30
2,11430,30
2,11460,30
2,11490,30
2,11520,30
2,11550,30
2,11580,30
2,11610,30
2,11640,30
2,12120,480
2,12150,30
2,12180,30
2,12210,30
2,12240,30
2,12270,30
2,12300,30
2,12330,30
2,12360,30
2,12480,120
2,12540,60
2,12600,60
2,12660,60
2,12720,60
2,12780,60
2,12840,60
2,12900,60
2,12960,60
2,12990,30
2,13020,30
2,13050,30
2,13080,30
2,13110,30
2,13140,30
2,13170,30
2,13200,30
2,13230,30
2,13260,30
2,13290,30
2,13320,30
2,13350,30
2,13380,30
2,13410,30
2,13440,30
2,13470,30
2,13500,30
2,13530,30
2,13590,60
2,13650,60
2,13710,60
2,13770,60
2,14310,540
2,14340,30
2,14370,30
2,14400,30
2,14430,30
2,14460,30
2,14490,30
2,14520,30
2,14550,30
2,14580,30
2,14610,30
2,14640,30
2,14670,30
2,14700,30
2,14730,30
2,14760,30
2,15000,240
2,15030,30
2,15060,30
2,15090,30
2,15120,30
2,15150,30
2,15180,30
2,15210,30
2,15240,30
2,15270,30
2,15300,30
2,15330,30
2,15360,30
2,15390,30
2,15420,30
2,15450,30
2,15480,30
2,15510,30
2,15540,30
2,16050,510
2,16080,30
2,16110,30
2,16140,30
2,16170,30
2,16200,30
2,19620,3420
2,19680,60
2,19740,60
2,19800,60
2,19860,60
2,19920,60
2,19980,60
2,20040,60
2,20100,60
2,20160,60
2,20220,60
2,20280,60
2,20340,60
2,20700,360
2,20730,30
2,20760,30
2,20790,30
2,20820,30
2,20850,30
2,20880,30
2,20910,30
2,20940,30
2,20970,30
2,21000,30
2,21030,30
2,21060,30
2,21090,30
2,21120,30
2,21150,30
2,21180,30
2,21210,30
2,21240,30
2,21270,30
2,21300,30
2,21330,30
2,21360,30
2,21390,30
2,21420,30
2,21450,30
2,21480,30
2,21510,30
2,24150,2640
2,24180,30
2,24210,30
2,24240,30
2,24270,30
2,24300,30
2,24330,30
2,24360,30
2,24390,30
2,24420,30
2,24450,30
2,24480,30
2,24510,30
2,24720,210
2,24750,30
2,24780,30
2,24810,30
2,25050,240
2,25080,30
2,25110,30
2,25140,30
2,25170,30
2,25200,30
2,25230,30
2,25260,30
2,25290,30
2,25320,30
2,25350,30
2,25380,30
2,26910,1530
2,26940,30
2,26970,30
2,27000,30
2,27030,30
2,27180,150
2,27240,60
2,27300,60
2,27360,60
2,27420,60
2,27480,60
2,27540,60
2,27600,60
2,27660,60
2,27720,60
2,27780,60
2,27840,60
2,27900,60
2,27930,30
2,27960,30
2,27990,30
2,28020,30
2,28050,30
2,28080,30
2,28110,30
2,28140,30
2,28170,30
2,28200,30
2,28230,30
2,28260,30
2,28290,30
2,28320,30
2,28350,30
2,28380,30
2,28410,30
2,28440,30
2,28470,30
2,28500,30
2,28530,30
2,28560,30
2,28590,30
2,28620,30
2,28650,30
2,28680,30
2,28710,30
2,28740,30
2,28770,30
2,28800,30
2,28830,30
2,28890,60
2,32370,3480
2,32400,30
2,32430,30
2,32460,30
2,32490,30
2,32520,30
2,32550,30
2,32580,30
2,32610,30
2,32640,30
2,32670,30
2,32700,30
2,32730,30
2,32760,30
2,32790,30
2,32820,30
2,32850,30
2,33630,780
2,33660,30
2,33690,30
2,33720,30
2,33750,30
2,33780,30
2,33810,30
2,33840,30
2,33870,30
2,33900,30
2,33930,30
2,33960,30
2,33990,30
2,34020,30
2,34050,30
2,34500,450
2,34560,60
2,34620,60
2,34680,60
2,34740,60
2,34770,30
2,34800,30
2,34830,30
2,34860,30
2,34890,30
2,34920,30
2,34950,30
2,34980,30
2,35010,30
2,35070,60
2,35130,60
2,35190,60
2,35250,60
2,35310,60
2,35820,510
2,35880,60
2,35940,60
2,36000,60
2,36060,60
2,36120,60
2,36180,60
2,36240,60
2,36300,60
2,38700,2400
2,38760,60
2,38820,60
2,38880,60
2,38940,60
2,39000,60
2,39060,60
2,39120,60
2,40050,930
2,40080,30
2,40110,30
2,40140,30
2,40170,30
2,40200,30
2,40230,30
2,40260,30
2,40290,30
2,40320,30
2,40350,30
2,40380,30
2,41040,660
2,41070,30
2,41100,30
2,41130,30
2,41160,30
2,41190,30
2,41220,30
2,41250,30
2,41280,30
2,41940,660
2,42000,60
2,42060,60
2,42120,60
2,42180,60
2,42240,60
2,42300,60
2,42360,60
2,42420,60
2,42480,60
2,42540,60
2,42600,60
2,42660,60
2,42720,60
2,42750,30
2,42780,30
2,42810,30
2,42840,30
2,42870,30
2,42900,30
2,42930,30
2,42960,30
2,43020,60
2,44520,1500
2,44550,30
2,44580,30
2,44610,30
2,44640,30
2,44670,30
2,44700,30
2,44730,30
2,44760,30
2,45480,720
2,45540,60
2,45600,60
2,45630,30
2,45660,30
2,45690,30
2,45720,30
2,45750,30
2,46290,540
2,46320,30
2,46350,30
2,46380,30
2,46410,30
2,46440,30
2,46470,30
2,46500,30
2,46530,30
2,46560,30
2,46590,30
2,46620,30
2,46650,30
2,46680,30
2,46710,30
2,48540,1830
2,48570,30
2,48600,30
2,48630,30
2,48660,30
2,48690,30
2,48720,30
2,49200,480
2,49230,30
2,49260,30
2,49290,30
2,49320,30
2,49350,30
2,49500,150
2,49560,60
2,49590,30
2,49620,30
2,49680,60
2,49710,30
2,49740,30
2,51660,1920
2,51690,30
2,51720,30
2,51780,60
2,51810,30
2,52020,210
2,52050,30
2,52110,60
2,52140,30
2,52171,31
2,52200,29
2,52230,30
2,52260,30
2,52291,31
2,52320,29
2,52380,60
2,52440,60
2,52500,60
2,52560,60
2,52620,60
2,52680,60
2,52740,60
2,52800,60
2,52860,60
2,52920,60
2,52980,60
2,53040,60
2,53100,60
2,53160,60
2,53220,60
2,53280,60
2,53340,60
2,53400,60
2,55560,2160
2,55590,30
2,55620,30
2,55650,30
2,55680,30
2,55710,30
2,55740,30
2,55770,30
2,55800,30
2,55890,90
2,55920,30
2,55950,30
2,55980,30
2,56010,30
2,56040,30
2,56070,30
2,56100,30
2,56130,30
2,56160,30
2,56190,30
2,56220,30
2,56250,30
2,56280,30
2,56310,30
2,56340,30
2,56370,30
2,56400,30
2,56430,30
2,56460,30
2,60330,3870
2,60390,60
2,60450,60
2,60510,60
2,60570,60
2,60630,60
2,60690,60
2,60750,60
2,60810,60
2,60870,60
2,60930,60
2,60990,60
2,61050,60
2,61110,60
2,61170,60
2,61230,60
2,61290,60
2,61350,60
2,61380,30
2,61410,30
2,61440,30
2,61470,30
2,61500,30
2,61530,30
2,61560,30
2,61590,30
2,61620,30
2,61650,30
2,61680,30
2,61710,30
2,61740,30
2,61770,30
2,61830,60
2,61890,60
2,61950,60
2,62010,60
2,62070,60
2,62130,60
2,62190,60
2,63000,810
2,63030,30
2,63060,30
2,63090,30
2,63120,30
2,63150,30
2,63180,30
2,63210,30
2,63240,30
2,63270,30
2,63300,30
2,63330,30
2,63360,30
2,63390,30
2,63420,30
2,63450,30
2,63480,30
2,63510,30
2,63540,30
2,63570,30
2,63600,30
2,63630,30
2,63660,30
2,63690,30
2,63720,30
2,63750,30
2,63780,30
2,63810,30
2,63840,30
2,63870,30
2,63900,30
2,63930,30
2,63960,30
2,63990,30
2,64020,30
2,64170,150
2,64200,30
2,64230,30
2,64260,30
2,64290,30
2,64410,120
2,64440,30
2,64470,30
2,64500,30
2,64530,30
2,64560,30
2,64920,360
2,64950,30
2,64980,30
2,65010,30
2,65040,30
2,65070,30
2,65100,30
2,65130,30
2,65160,30
2,65190,30
2,65220,30
2,65250,30
2,65280,30
2,65310,30
2,65340,30
2,65370,30
2,65400,30
2,65430,30
2,65460,30
2,65490,30
2,65520,30
2,65550,30
2,65580,30
2,65610,30
2,65640,30
2,65670,30
2,65700,30
2,65730,30
2,65760,30
2,65790,30
2,65820,30
2,65850,30
2,65880,30
2,65910,30
2,65940,30
2,65970,30
2,66000,30
2,66030,30
2,66060,30
2,66090,30
2,66120,30
2,66150,30
2,66180,30
2,66210,30
2,66240,30
2,66270,30
2,66300,30
2,66330,30
2,66360,30
2,66390,30
2,66420,30
2,66450,30
2,66480,30
2,66510,30
2,66540,30
2,66570,30
2,66600,30
2,66630,30
2,66660,30
2,66690,30
2,66720,30
2,66750,30
2,66780,30
2,66810,30
2,66840,30
2,66870,30
2,66990,120
2,67020,30
2,67050,30
2,67080,30
2,67110,30
2,67140,30
2,67410,270
2,67440,30
2,67470,30
2,67500,30
2,68250,750
2,68310,60
2,68370,60
2,68430,60
2,68850,420
2,68910,60
2,68970,60
2,69030,60
2,69090,60
2,69150,60
2,69210,60
2,69270,60
2,69330,60
2,69390,60
2,69450,60
2,69510,60
2,69570,60
2,69630,60
2,69690,60
2,69750,60
2,69810,60
2,69870,60
2,69930,60
2,69990,60
2,70050,60
2,70110,60
2,70170,60
2,70230,60
2,70290,60
2,70350,60
2,70410,60
2,70440,30
2,70470,30
2,70500,30
2,70530,30
2,70560,30
2,70590,30
2,70620,30
2,70650,30
2,70680,30
2,70710,30
2,70740,30
2,70770,30
2,70800,30
2,70830,30
2,70860,30
2,70890,30
2,71460,570
2,71490,30
2,71520,30
2,71550,30
2,71580,30
2,71610,30
2,71640,30
2,71670,30
2,71700,30
2,71730,30
2,71760,30
2,71790,30
2,71820,30
2,72420,600
2,72450,30
2,72480,30
2,72510,30
2,72540,30
2,72570,30
2,72600,30
2,72630,30
2,72660,30
2,72690,30
2,72720,30
2,72750,30
2,72780,30
2,72810,30
2,72840,30
2,75570,2730
2,75600,30
2,75630,30
2,76110,480
2,76170,60
2,76230,60
2,76290,60
2,76350,60
2,76410,60
2,76440,30
2,76470,30
2,76500,30
2,76530,30
2,76560,30
2,76590,30
2,76620,30
2,76650,30
2,76680,30
2,76710,30
2,76740,30
2,76800,60
2,76860,60
2,76920,60
2,76980,60
2,77040,60
2,77550,510
2,77610,60
2,77670,60
2,77730,60
2,77790,60
2,81480,3690
2,81510,30
2,81540,30
2,81570,30
2,81600,30
2,81630,30
2,81660,30
2,83640,1980
2,83670,30
2,83700,30
2,83730,30
2,83760,30
2,83790,30
2,83820,30
2,83850,30
2,83880,30
2,83910,30
2,83940,30
2,83970,30
2,84000,30
2,84030,30
2,84060,30
2,84090,30
2,84390,300
2,84450,60
2,84510,60
2,84570,60
2,84630,60
2,84690,60
2,84750,60
2,84810,60
2,84870,60
2,84930,60
2,84990,60
2,85050,60
2,85110,60
2,85170,60
2,85230,60
2,85290,60
2,85350,60
2,85410,60
2,85470,60
2,85530,60
2,85590,60
2,85650,60
2,86070,420
2,86130,60
2,86190,60
2,86250,60
2,86310,60
2,86370,60
2,86610,240
2,86640,30
2,86670,30
2,86700,30
2,86730,30
2,86760,30
2,86790,30
2,88800,2010
2,88830,30
2,88860,30
2,88890,30
2,88920,30
2,88950,30
2,88980,30
2,89010,30
2,89040,30
2,90030,990
2,90060,30
2,90090,30
2,90120,30
2,90150,30
2,90180,30
2,90210,30
2,90240,30
2,90270,30
2,90300,30
2,90330,30
2,90360,30
2,90390,30
2,90420,30
2,90450,30
2,92430,1980
2,92460,30
2,92490,30
2,92520,30
2,92550,30
2,92580,30
2,92610,30
2,92640,30
2,92670,30
2,92700,30
2,92730,30
2,92760,30
2,92790,30
2,92820,30
2,92850,30
2,92880,30
2,94290,1410
2,94320,30
2,94350,30
2,94380,30
2,94410,30
2,94440,30
2,94470,30
2,94500,30
2,94530,30
2,94560,30
2,95520,960
2,95580,60
2,95640,60
2,95700,60
2,95760,60
2,95820,60
2,95880,60
2,95940,60
2,96000,60
2,96060,60
2,96120,60
2,96180,60
2,96240,60
2,96300,60
2,96360,60
2,96420,60
2,96480,60
2,96540,60
2,96600,60
2,96660,60
2,96720,60
2,96780,60
2,96840,60
2,96900,60
2,97050,150
2,97080,30
2,97110,30
2,97140,30
2,97170,30
2,97200,30
2,98430,1230
2,98460,30
2,98490,30
2,98520,30
2,98550,30
2,98580,30
2,98610,30
2,98640,30
2,98700,60
2,98760,60
2,98820,60
2,98880,60
2,99630,750
2,99660,30
2,99690,30
2,100410,720
2,100440,30
2,100470,30
2,100500,30
2,100530,30
2,100560,30
2,100590,30
2,100620,30
2,100650,30
2,100680,30
2,100710,30
2,100740,30
2,103890,3150
2,103920,30
2,103950,30
2,103980,30
2,104010,30
2,104040,30
2,104070,30
2,104370,300
2,104400,30
2,104430,30
2,104460,30
2,104490,30
2,104520,30
2,104550,30
2,104580,30
2,104610,30
2,104640,30
2,104670,30
2,104700,30
2,104730,30
2,104760,30
2,104790,30
2,104820,30
2,104850,30
2,104880,30
2,104940,60
2,105000,60
2,105060,60
2,105120,60
2,105180,60
2,105240,60
2,105300,60
2,105360,60
2,105420,60
2,105480,60
2,105540,60
2,105600,60
2,105630,30
2,105660,30
2,105690,30
2,105720,30
2,105750,30
2,105780,30
2,105810,30
2,105840,30
2,105870,30
2,105900,30
2,105930,30
2,105960,30
2,105990,30
2,106020,30
2,106050,30
2,106080,30
2,106110,30
2,106140,30
2,106170,30
2,106200,30
2,106230,30
2,106260,30
2,106290,30
2,106320,30
2,106740,420
2,106770,30
2,106800,30
2,106830,30
2,106860,30
2,106890,30
2,106920,30
2,106950,30
2,106980,30
2,107010,30
2,107040,30
2,107070,30
2,107100,30
2,107130,30
2,107160,30
2,107190,30
2,107220,30
2,107250,30
2,107280,30
2,107310,30
2,107340,30
2,107370,30
2,107400,30
2,107430,30
2,107460,30
2,107490,30
2,107520,30
2,107550,30
2,107580,30
2,107610,30
2,107640,30
2,107670,30
2,107700,30
2,107730,30
2,107760,30
2,107790,30
2,107820,30
2,107850,30
2,107880,30
2,107910,30
2,107940,30
2,107970,30
2,108000,30
2,108030,30
2,109080,1050
2,109110,30
2,109140,30
2,109170,30
2,109200,30
2,109230,30
2,109260,30
2,109290,30
2,109320,30
2,109350,30
2,110370,1020
2,110400,30
2,110430,30
2,110460,30
2,110490,30
2,110520,30
2,110550,30
2,110580,30
2,110610,30
2,110640,30
2,110670,30
2,111600,930
2,111630,30
2,111660,30
2,111690,30
2,111720,30
2,111750,30
2,111780,30
2,111810,30
2,111840,30
2,111870,30
2,111900,30
2,111930,30
2,111960,30
2,111990,30
2,112110,120
2,112230,120
2,112260,30
2,112290,30
2,112320,30
2,112530,210
2,112560,30
2,112620,60
2,112650,30
2,112680,30
2,112710,30
2,112740,30
2,112770,30
2,112800,30
2,112830,30
2,112980,150
2,113010,30
2,113040,30
2,113070,30
2,113100,30
2,113130,30
2,113160,30
2,113190,30
2,113220,30
2,113250,30
2,113280,30
2,113370,90
2,113430,60
2,113460,30
2,113490,30
2,113520,30
2,113550,30
2,113580,30
2,113610,30
2,113640,30
2,113670,30
2,113730,60
2,113790,60
2,113850,60
2,113910,60
2,113970,60
2,114030,60
2,114090,60
2,114150,60
2,114210,60
2,114270,60
2,114330,60
2,114390,60
2,114450,60
2,114510,60
2,114840,330
2,114900,60
2,114960,60
2,115020,60
2,115080,60
2,115140,60
2,115200,60
2,116580,1380
2,116610,30
2,116670,60
2,116700,30
2,116730,30
2,116760,30
2,116790,30
2,116820,30
2,116850,30
2,116880,30
2,116910,30
2,116940,30
2,117240,300
2,117270,30
2,117300,30
2,117330,30
2,117360,30
2,117390,30
2,117420,30
2,117450,30
2,117480,30
2,117510,30
2,117540,30
2,117570,30
2,117600,30
2,117630,30
2,117660,30
2,117690,30
2,117720,30
2,117750,30
2,117780,30
2,117810,30
2,117840,30
2,117870,30
2,117900,30
2,117930,30
2,117960,30
2,117990,30
2,118020,30
2,118050,30
2,118080,30
2,118110,30
2,118140,30
2,118170,30
2,118200,30
2,118230,30
2,118260,30
2,118290,30
2,118320,30
2,118350,30
2,119850,1500
2,119880,30
2,121590,1710
2,121620,30
2,121650,30
2,121680,30
2,121710,30
2,121740,30
2,121920,180
2,121950,30
2,121980,30
2,122010,30
2,122040,30
2,122070,30
2,122100,30
2,122130,30
2,122160,30
2,122190,30
2,122220,30
2,122250,30
2,122280,30
2,122310,30
2,122340,30
2,122370,30
2,122400,30
2,122430,30
2,122460,30
2,122760,300
2,122790,30
2,122820,30
2,122850,30
2,122910,60
2,122940,30
2,122970,30
2,123000,30
2,123060,60
2,123120,60
2,123180,60
2,123240,60
2,123300,60
2,123360,60
2,123420,60
2,123480,60
2,123540,60
2,123600,60
2,123660,60
2,123720,60
2,123780,60
2,123840,60
2,123900,60
2,123960,60
2,124020,60
2,124080,60
2,124140,60
2,124170,30
2,124200,30
2,124230,30
2,124260,30
2,124290,30
2,124320,30
2,124350,30
2,124380,30
2,124410,30
2,124440,30
2,124470,30
2,124500,30
2,124740,240
2,124800,60
2,124860,60
2,124920,60
2,124980,60
2,125040,60
2,127020,1980
2,127050,30
2,127080,30
2,127110,30
2,127140,30
2,127170,30
2,127800,630
2,127830,30
2,127860,30
2,127890,30
2,127920,30
2,127950,30
2,127980,30
2,128010,30
2,128040,30
2,128070,30
2,130860,2790
2,130920,60
2,130950,30
2,130980,30
2,131010,30
2,131040,30
2,131070,30
2,131100,30
2,131130,30
2,131160,30
2,131190,30
2,131250,60
2,131310,60
2,131370,60
2,131430,60
2,131490,60
2,131550,60
2,131610,60
2,131670,60
2,131730,60
2,131790,60
2,131850,60
2,131910,60
2,131970,60
2,132030,60
2,132090,60
2,132150,60
2,132210,60
2,132270,60
2,132330,60
2,132390,60
2,132450,60
2,132510,60
2,132570,60
2,134460,1890
2,134490,30
2,134520,30
2,134550,30
2,134580,30
2,134610,30
2,134640,30
2,134670,30
2,134700,30
2,134730,30
2,134760,30
2,134790,30
2,134820,30
2,134850,30
2,134880,30
2,134910,30
2,134940,30
2,134970,30
2,135000,30
2,135030,30
2,135120,90
2,135150,30
2,135180,30
2,135210,30
2,135240,30
2,135270,30
2,135300,30
2,135330,30
2,135360,30
2,135390,30
2,135690,300
2,135720,30
2,135750,30
2,136320,570
2,136350,30
2,136380,30
2,136410,30
2,136440,30
2,136470,30
2,136500,30
2,136530,30
2,136560,30
2,136590,30
2,136620,30
2,136650,30
2,136680,30
2,136710,30
2,136740,30
2,136770,30
2,136800,30
2,136830,30
2,136860,30
2,137070,210
2,137100,30
2,137130,30
2,137160,30
2,137190,30
2,137730,540
2,137760,30
2,137790,30
2,137820,30
2,137850,30
2,137880,30
2,138210,330
2,138240,30
2,138270,30
2,138300,30
2,138330,30
2,138360,30
2,138390,30
2,138420,30
2,138450,30
2,138480,30
2,138510,30
2,138540,30
2,138570,30
2,138810,240
2,138870,60
2,138930,60
2,138990,60
2,139050,60
2,139110,60
2,139170,60
2,139680,510
2,139740,60
2,139800,60
2,139860,60
2,139920,60
2,141240,1320
2,141270,30
2,141300,30
2,141330,30
2,141360,30
2,141390,30
2,141420,30
2,141450,30
2,141480,30
2,141510,30
2,141540,30
2,144780,3240
2,144810,30
2,144840,30
2,144870,30
2,144900,30
2,144930,30
2,144960,30
2,144990,30
2,146790,1800
2,146820,30
2,147450,630
2,147480,30
2,147510,30
2,147540,30
2,147570,30
2,147600,30
2,147660,60
2,147720,60
2,147780,60
2,147840,60
2,147900,60
2,147960,60
2,148020,60
2,148080,60
2,148140,60
2,148200,60
2,148260,60
2,148320,60
2,148380,60
2,148440,60
2,148500,60
2,148560,60
2,148620,60
2,148680,60
2,148740,60
2,148800,60
2,148860,60
2,150900,2040
2,150930,30
2,150960,30
2,150990,30
2,151020,30
2,151050,30
2,151080,30
2,151110,30
2,151140,30
2,151170,30
2,151200,30
2,151230,30
2,151260,30
2,151290,30
2,151320,30
2,151350,30
2,151380,30
2,151680,300
2,151710,30
2,151740,30
2,152670,930
2,152700,30
2,152730,30
2,152760,30
2,152790,30
2,152820,30
2,152850,30
2,152880,30
2,152910,30
2,152940,30
2,152970,30
2,153000,30
2,153030,30
2,153900,870
2,153960,60
2,154020,60
2,154080,60
2,154140,60
2,154200,60
2,154260,60
2,154320,60
2,154380,60
2,154440,60
2,154500,60
2,154560,60
2,154620,60
2,154680,60
2,154740,60
2,154920,180
2,154980,60
2,155040,60
2,155100,60
2,155160,60
2,155220,60
2,155880,660
2,155910,30
2,155940,30
2,155970,30
2,156000,30
2,156030,30
2,156060,30
2,156090,30
2,156120,30
2,156150,30
2,156180,30
2,156210,30
2,156240,30
2,156270,30
2,156300,30
2,156330,30
3,0,0
3,30,30
3,60,30
3,90,30
3,120,30
3,2670,2550
3,2700,30
3,2730,30
3,2760,30
3,2790,30
3,2820,30
3,2850,30
3,2880,30
3,2910,30
3,2940,30
3,2970,30
3,3000,30
3,3030,30
3,3060,30
3,3090,30
3,3120,30
3,3150,30
3,3180,30
3,3210,30
3,3240,30
3,3270,30
3,3300,30
3,3330,30
3,3360,30
3,3390,30
3,3420,30
3,3450,30
3,3480,30
3,3510,30
3,3540,30
3,3570,30
3,3600,30
3,3630,30
3,3660,30
3,3690,30
3,3720,30
3,3750,30
3,3780,30
3,3810,30
3,3840,30
3,3870,30
3,3900,30
3,3930,30
3,3960,30
3,3990,30
3,4020,30
3,4050,30
3,4080,30
3,4110,30
3,4140,30
3,4170,30
3,4200,30
3,4230,30
3,4260,30
3,4290,30
3,4320,30
3,4350,30
3,5730,1380
3,6030,300
3,6090,60
3,6150,60
3,6210,60
3,6270,60
3,6330,60
3,6390,60
3,6450,60
3,6510,60
3,6570,60
3,6630,60
3,6690,60
3,6750,60
3,6810,60
3,6870,60
3,6930,60
3,6960,30
3,6990,30
3,7020,30
3,7050,30
3,7080,30
3,7110,30
3,7140,30
3,7170,30
3,7200,30
3,7230,30
3,7260,30
3,7290,30
3,7320,30
3,7350,30
3,7380,30
3,7410,30
3,7440,30
3,7470,30
3,7500,30
3,7530,30
3,7680,150
3,7710,30
3,7740,30
3,7770,30
3,7800,30
3,7830,30
3,7860,30
3,7890,30
3,7920,30
3,7950,30
3,9900,1950
3,9930,30
3,9960,30
3,9990,30
3,10020,30
3,10050,30
3,16200,6150
3,16230,30
3,16350,120
3,17010,660
3,17070,60
3,17130,60
3,17190,60
3,17250,60
3,17310,60
3,17370,60
3,17430,60
3,17490,60
3,17550,60
3,17610,60
3,17670,60
3,17730,60
3,17790,60
3,17850,60
3,17910,60
3,17970,60
3,18030,60
3,18090,60
3,18150,60
3,18180,30
3,18210,30
3,18240,30
3,18270,30
3,18300,30
3,18330,30
3,18360,30
3,18390,30
3,18420,30
3,18450,30
3,18480,30
3,18510,30
3,18540,30
3,18570,30
3,18600,30
3,18630,30
3,18660,30
3,18690,30
3,18720,30
3,18960,240
3,18990,30
3,19020,30
3,19050,30
3,19080,30
3,19110,30
3,19140,30
3,19170,30
3,19200,30
3,19230,30
3,19260,30
3,19290,30
3,19320,30
3,19350,30
3,19380,30
3,19410,30
3,19440,30
3,19470,30
3,21120,1650
3,21150,30
3,21180,30
3,21210,30
3,21240,30
3,21270,30
3,21300,30
3,21330,30
3,21360,30
3,21390,30
3,21420,30
3,21450,30
3,21480,30
3,21510,30
3,21540,30
3,21570,30
3,21600,30
3,21630,30
3,21660,30
3,21690,30
3,21720,30
3,21750,30
3,21780,30
3,21810,30
3,21840,30
3,22830,990
3,22860,30
3,22890,30
3,22920,30
3,22950,30
3,22980,30
3,23010,30
3,23040,30
3,23070,30
3,23100,30
3,23130,30
3,23160,30
3,23190,30
3,23220,30
3,23250,30
3,23280,30
3,23310,30
3,23340,30
3,23370,30
3,23400,30
3,23430,30
3,24180,750
3,24240,60
3,24300,60
3,24360,60
3,24420,60
3,24480,60
3,24540,60
3,24720,180
3,24780,60
3,24840,60
3,24900,60
3,24960,60
3,25020,60
3,25080,60
3,25140,60
3,25620,480
3,25650,30
3,25710,60
3,25770,60
3,25830,60
3,25890,60
3,25950,60
3,27330,1380
3,27360,30
3,27390,30
3,27420,30
3,27450,30
3,27480,30
3,27510,30
3,28860,1350
3,28890,30
3,28920,30
3,28950,30
3,28980,30
3,29010,30
3,29040,30
3,29070,30
3,29100,30
3,29130,30
3,30660,1530
3,30690,30
3,30720,30
3,30750,30
3,30780,30
3,30810,30
3,30840,30
3,30870,30
3,30900,30
3,30960,60
3,30990,30
3,31020,30
3,31050,30
3,31770,720
3,31800,30
3,31830,30
3,31860,30
3,31890,30
3,31920,30
3,31950,30
3,31980,30
3,32010,30
3,32400,390
3,32430,30
3,32550,120
3,32610,60
3,32670,60
3,32730,60
3,32790,60
3,32850,60
3,32910,60
3,32970,60
3,33030,60
3,33090,60
3,33150,60
3,33210,60
3,33270,60
3,33330,60
3,34200,870
3,34230,30
3,34260,30
3,34290,30
3,34320,30
3,34350,30
3,34380,30
3,34410,30
3,35040,630
3,35100,60
3,35160,60
3,35220,60
3,36240,1020
3,36270,30
3,36300,30
3,36330,30
3,36360,30
3,36390,30
3,36420,30
3,36930,510
3,36960,30
3,36990,30
3,37020,30
3,37050,30
3,37080,30
3,38730,1650
3,38790,60
3,38820,30
3,38850,30
3,38880,30
3,38910,30
3,38940,30
3,38970,30
3,39000,30
3,39510,510
3,39540,30
3,39570,30
3,39600,30
3,39630,30
3,39660,30
3,39690,30
3,39720,30
3,39750,30
3,39780,30
3,39810,30
3,39840,30
3,39870,30
3,39900,30
3,39930,30
3,39960,30
3,39990,30
3,40020,30
3,40050,30
3,40860,810
3,40920,60
3,40980,60
3,41040,60
3,41100,60
3,41160,60
3,41220,60
3,41280,60
3,41340,60
3,41400,60
3,41460,60
3,41520,60
3,41580,60
3,41640,60
3,41700,60
3,41760,60
3,41820,60
3,41880,60
3,41940,60
3,42000,60
3,42060,60
3,42120,60
3,42180,60
3,42240,60
3,42300,60
3,42360,60
3,42420,60
3,42480,60
3,42540,60
3,42600,60
3,42660,60
3,43440,780
3,43470,30
3,43500,30
3,43530,30
3,43560,30
3,43590,30
3,43620,30
3,43650,30
3,43680,30
3,43710,30
3,43740,30
3,43770,30
3,43800,30
3,43830,30
3,43860,30
3,43890,30
3,43920,30
3,43950,30
3,43980,30
3,44010,30
3,44040,30
3,44070,30
3,44100,30
3,44130,30
3,44160,30
3,44190,30
3,44220,30
3,44250,30
3,44280,30
3,44310,30
3,44340,30
3,44370,30
3,44400,30
3,44430,30
3,44460,30
3,44490,30
3,44520,30
3,44550,30
3,44580,30
3,44610,30
3,44640,30
3,44670,30
3,44700,30
3,44730,30
3,44760,30
3,44790,30
3,45360,570
3,45390,30
3,45420,30
3,45450,30
3,45480,30
3,45510,30
3,45540,30
3,45570,30
3,45900,330
3,45930,30
3,45960,30
3,45990,30
3,46020,30
3,46050,30
3,46080,30
3,46110,30
3,46140,30
3,46170,30
3,46200,30
3,46230,30
3,46260,30
3,46290,30
3,46320,30
3,46350,30
3,46380,30
3,46410,30
3,46440,30
3,46470,30
3,46500,30
3,46530,30
3,46560,30
3,46590,30
3,46620,30
3,46650,30
3,46680,30
3,47970,1290
3,48030,60
3,48090,60
3,48150,60
3,48210,60
3,48270,60
3,48330,60
3,48390,60
3,48450,60
3,48510,60
3,48570,60
3,48600,30
3,48630,30
3,48690,60
3,48750,60
3,48810,60
3,48840,30
3,48870,30
3,48900,30
3,48930,30
3,48960,30
3,48990,30
3,49020,30
3,49050,30
3,49080,30
3,49110,30
3,49140,30
3,49200,60
3,49260,60
3,49290,30
3,49320,30
3,49350,30
3,49380,30
3,49440,60
3,49500,60
3,49560,60
3,49620,60
3,49680,60
3,49740,60
3,51030,1290
3,51060,30
3,51090,30
3,51120,30
3,51150,30
3,51180,30
3,51210,30
3,51240,30
3,51270,30
3,51300,30
3,51330,30
3,51360,30
3,51390,30
3,51420,30
3,51450,30
3,52890,1440
3,52920,30
3,52950,30
3,52980,30
3,53010,30
3,53040,30
3,53070,30
3,53340,270
3,53670,330
3,53700,30
3,53730,30
3,53760,30
3,53790,30
3,53820,30
3,53910,90
3,53940,30
3,53970,30
3,54000,30
3,54030,30
3,54060,30
3,54090,30
3,54120,30
3,54150,30
3,54180,30
3,54210,30
3,54240,30
3,54270,30
3,54300,30
3,54810,510
3,54840,30
3,54870,30
3,54900,30
3,54930,30
3,54960,30
3,54990,30
3,55020,30
3,55230,210
3,55260,30
3,55290,30
3,55320,30
3,55350,30
3,56160,810
3,56280,120
3,56310,30
3,56340,30
3,56370,30
3,56400,30
3,56430,30
3,56460,30
3,56490,30
3,56520,30
3,56550,30
3,56820,270
3,56880,60
3,56940,60
3,57000,60
3,57060,60
3,57120,60
3,57300,180
3,57360,60
3,57420,60
3,57480,60
3,57540,60
3,57600,60
3,57660,60
3,57780,120
3,57810,30
3,57840,30
3,57870,30
3,57900,30
3,57930,30
3,57960,30
3,57990,30
3,58020,30
3,58380,360
3,58410,30
3,58470,60
3,58530,60
3,58590,60
3,58650,60
3,58710,60
3,58770,60
3,58830,60
3,58890,60
3,58950,60
3,59010,60
3,59070,60
3,59280,210
3,59310,30
3,59340,30
3,59370,30
3,59400,30
3,59430,30
3,59460,30
3,59490,30
3,59520,30
3,62880,3360
3,62910,30
3,62940,30
3,62970,30
3,63000,30
3,63030,30
3,63060,30
3,63090,30
3,63120,30
3,63150,30
3,63180,30
3,63210,30
3,63240,30
3,63270,30
3,63300,30
3,63330,30
3,63360,30
3,63390,30
3,64531,1141
3,64561,30
3,64591,30
3,64621,30
3,64648,27
3,64650,2
3,64680,30
3,64860,180
3,64920,60
3,64980,60
3,65040,60
3,65100,60
3,65160,60
3,65220,60
3,65280,60
3,65340,60
3,65400,60
3,65460,60
3,65520,60
3,65580,60
3,65640,60
3,65700,60
3,65760,60
3,65820,60
3,65880,60
3,65940,60
3,66000,60
3,66060,60
3,66090,30
3,66120,30
3,66150,30
3,66180,30
3,66210,30
3,66240,30
3,66270,30
3,66300,30
3,66330,30
3,66360,30
3,66390,30
3,66450,60
3,66510,60
3,66840,330
3,66870,30
3,66900,30
3,66930,30
3,66960,30
3,66990,30
3,67200,210
3,67230,30
3,67260,30
3,67290,30
3,67320,30
3,67350,30
3,67380,30
3,67410,30
3,67440,30
3,67470,30
3,67500,30
3,67530,30
3,67560,30
3,67590,30
3,67620,30
3,67650,30
3,67680,30
3,67710,30
3,67860,150
3,67890,30
3,67920,30
3,67950,30
3,67980,30
3,68010,30
3,68190,180
3,68220,30
3,68250,30
3,68280,30
3,68310,30
3,68340,30
3,68370,30
3,68400,30
3,68430,30
3,68460,30
3,68490,30
3,68520,30
3,68550,30
3,68730,180
3,68760,30
3,68790,30
3,68820,30
3,68850,30
3,68880,30
3,68910,30
3,68940,30
3,68970,30
3,69000,30
3,69030,30
3,69060,30
3,69090,30
3,69120,30
3,69150,30
3,69180,30
3,69210,30
3,69240,30
3,69270,30
3,69300,30
3,69870,570
3,69900,30
3,69930,30
3,72180,2250
3,72210,30
3,72240,30
3,72270,30
3,72300,30
3,72330,30
3,72360,30
3,72540,180
3,72900,360
3,72930,30
3,72960,30
3,72990,30
3,73020,30
3,73050,30
3,73080,30
3,73110,30
3,73140,30
3,73170,30
3,73200,30
3,73230,30
3,73260,30
3,73290,30
3,73320,30
3,73350,30
3,73380,30
3,73410,30
3,73440,30
3,73470,30
3,73500,30
3,73560,60
3,73620,60
3,73680,60
3,73740,60
3,73800,60
3,73860,60
3,73920,60
3,73980,60
3,74040,60
3,74100,60
3,74160,60
3,74220,60
3,74280,60
3,74340,60
3,74400,60
3,74460,60
3,74520,60
3,74580,60
3,74640,60
3,74700,60
3,74760,60
3,74820,60
3,74940,120
3,75000,60
3,75060,60
3,75120,60
3,75180,60
3,75840,660
3,75870,30
3,75900,30
3,75930,30
3,75960,30
3,75990,30
3,76020,30
3,76050,30
3,76080,30
3,76110,30
3,76140,30
3,76170,30
3,76200,30
3,76230,30
3,76260,30
3,77610,1350
3,77640,30
3,77670,30
3,77700,30
3,77730,30
3,78390,660
3,78420,30
3,78450,30
3,78480,30
3,78510,30
3,78540,30
3,78570,30
3,78600,30
3,78630,30
3,78660,30
3,78930,270
3,78960,30
3,78990,30
3,79020,30
3,79050,30
3,79080,30
3,79110,30
3,79140,30
3,79170,30
3,79200,30
3,79230,30
3,79260,30
3,79290,30
3,79320,30
3,79350,30
3,79380,30
3,79410,30
3,79440,30
3,79470,30
3,79500,30
3,79530,30
3,79560,30
3,79590,30
3,79620,30
3,80670,1050
3,80700,30
3,80730,30
3,80820,90
3,80850,30
3,80880,30
3,80910,30
3,80940,30
3,81000,60
3,81060,60
3,81120,60
3,81180,60
3,81240,60
3,81300,60
3,81360,60
3,81420,60
3,81480,60
3,81540,60
3,81600,60
3,81660,60
3,81720,60
3,81780,60
3,81840,60
3,81900,60
3,81960,60
3,82020,60
3,82080,60
3,82140,60
3,82200,60
3,82260,60
3,82320,60
3,82380,60
3,82440,60
3,82500,60
3,82530,30
3,82560,30
3,82590,30
3,82620,30
3,83370,750
3,83400,30
3,83430,30
3,83460,30
3,83490,30
3,83520,30
3,83550,30
3,83790,240
3,83820,30
3,83850,30
3,83880,30
3,83910,30
3,83940,30
3,83970,30
3,84000,30
3,84030,30
3,84060,30
3,84090,30
3,84120,30
3,84150,30
3,84180,30
3,84210,30
3,84240,30
3,84270,30
3,84300,30
3,84330,30
3,84360,30
3,84390,30
3,84420,30
3,84450,30
3,84480,30
3,84510,30
3,84540,30
3,84570,30
3,84600,30
3,84630,30
3,84660,30
3,84690,30
3,84720,30
3,84750,30
3,84780,30
3,84810,30
3,84840,30
3,84870,30
3,84900,30
3,84930,30
3,84960,30
3,84990,30
3,85020,30
3,85050,30
3,85080,30
3,85110,30
3,85140,30
3,85170,30
3,85200,30
3,85230,30
3,85260,30
3,85290,30
3,85320,30
3,85350,30
3,85380,30
3,85410,30
3,85440,30
3,85470,30
3,85500,30
3,85530,30
3,85560,30
3,85590,30
3,85620,30
3,85650,30
3,85680,30
3,85710,30
3,85740,30
3,85770,30
3,85800,30
3,85830,30
3,85860,30
3,85890,30
3,85920,30
3,85950,30
3,85980,30
3,86010,30
3,86040,30
3,86070,30
3,86100,30
3,86130,30
3,86160,30
3,86190,30
3,86220,30
3,86250,30
3,86970,720
3,87000,30
3,87030,30
3,87060,30
3,87090,30
3,87120,30
3,87150,30
3,87180,30
3,87210,30
3,87240,30
3,90150,2910
3,90180,30
3,90210,30
3,90240,30
3,90270,30
3,90300,30
3,90330,30
3,90360,30
3,90390,30
3,90420,30
3,90450,30
3,90480,30
3,90510,30
3,90540,30
3,90570,30
3,90600,30
3,90630,30
3,90660,30
3,90690,30
3,90720,30
3,90750,30
3,90780,30
3,90810,30
3,90840,30
3,90870,30
3,90900,30
3,90930,30
3,90960,30
3,90990,30
3,91050,60
3,91110,60
3,91170,60
3,91230,60
3,91290,60
3,91350,60
3,91410,60
3,91470,60
3,91530,60
3,91590,60
3,91650,60
3,91710,60
3,91770,60
3,91830,60
3,91890,60
3,91950,60
3,92010,60
3,92070,60
3,92130,60
3,92190,60
3,92250,60
3,92310,60
3,92370,60
3,92430,60
3,92490,60
3,92550,60
3,92610,60
3,92670,60
3,92730,60
3,92790,60
3,92850,60
3,92910,60
3,92970,60
3,93030,60
3,93090,60
3,93150,60
3,96840,3690
3,96870,30
3,96900,30
3,96930,30
3,96960,30
3,96990,30
3,97020,30
3,97050,30
3,97080,30
3,97110,30
3,97140,30
3,97170,30
3,97200,30
3,97230,30
3,97260,30
3,97290,30
3,97440,150
3,97470,30
3,97500,30
3,97530,30
3,97560,30
3,97590,30
3,97620,30
3,97650,30
3,97680,30
3,97710,30
3,97740,30
3,97770,30
3,97800,30
3,97830,30
3,97860,30
3,97890,30
3,97920,30
3,97950,30
3,97980,30
3,98010,30
3,98040,30
3,98070,30
3,98100,30
3,98130,30
3,98160,30
3,98190,30
3,98220,30
3,98250,30
3,98430,180
3,98460,30
3,98490,30
3,98520,30
3,98550,30
3,98580,30
3,98610,30
3,98640,30
3,98670,30
3,98700,30
3,98730,30
3,98760,30
3,98790,30
3,98820,30
3,98850,30
3,98880,30
3,98910,30
3,98940,30
3,98970,30
3,99000,30
3,99030,30
3,99060,30
3,99090,30
3,99120,30
3,99150,30
3,99180,30
3,99210,30
3,99240,30
3,99270,30
3,99300,30
3,99330,30
3,99360,30
3,99390,30
3,99420,30
3,99450,30
3,99480,30
3,100470,990
3,100500,30
3,101010,510
3,101070,60
3,101130,60
3,101190,60
3,101250,60
3,101310,60
3,101370,60
3,101430,60
3,101460,30
3,101490,30
3,101520,30
3,101550,30
3,101580,30
3,101610,30
3,101640,30
3,101700,60
3,101760,60
3,101820,60
3,101880,60
3,101940,60
3,102000,60
3,102060,60
3,102120,60
3,102180,60
3,102240,60
3,102300,60
3,102360,60
3,102420,60
3,103260,840
3,103290,30
3,103320,30
3,103350,30
3,103380,30
3,103410,30
3,103440,30
3,103470,30
3,104280,810
3,104310,30
3,104340,30
3,104370,30
3,104400,30
3,104430,30
3,104460,30
3,104490,30
3,104520,30
3,104550,30
3,104580,30
3,104610,30
3,105090,480
3,105120,30
3,105150,30
3,105180,30
3,105210,30
3,105240,30
3,105270,30
3,105300,30
3,105330,30
3,107370,2040
3,107400,30
3,107430,30
3,107460,30
3,107850,390
3,107880,30
3,107910,30
3,107940,30
3,107970,30
3,108000,30
3,108060,60
3,108120,60
3,109620,1500
3,109740,120
3,109770,30
3,109800,30
3,109830,30
3,109860,30
3,109920,60
3,109980,60
3,110040,60
3,110100,60
3,110160,60
3,110220,60
3,110280,60
3,110340,60
3,110400,60
3,110460,60
3,110520,60
3,110580,60
3,110640,60
3,110700,60
3,110760,60
3,110820,60
3,110880,60
3,110940,60
3,111000,60
3,111060,60
3,111120,60
3,111180,60
3,111240,60
3,111300,60
3,111360,60
3,111420,60
3,111480,60
3,111540,60
3,111600,60
3,111660,60
3,111720,60
3,111780,60
3,111840,60
3,111870,30
3,111900,30
3,111930,30
3,111960,30
3,111990,30
3,112020,30
3,112050,30
3,112080,30
3,112110,30
3,112140,30
3,112170,30
3,112200,30
3,112230,30
3,112260,30
3,112290,30
3,112320,30
3,112350,30
3,112380,30
3,112410,30
3,112440,30
3,114300,1860
3,114330,30
3,114360,30
3,114390,30
3,114420,30
3,114450,30
3,114480,30
3,114510,30
3,114540,30
3,114930,390
3,114960,30
3,114990,30
3,115020,30
3,115050,30
3,115080,30
3,115110,30
3,115470,360
3,115500,30
3,115530,30
3,115560,30
3,115590,30
3,115620,30
3,115650,30
3,115680,30
3,115710,30
3,115740,30
3,115770,30
3,115800,30
3,115830,30
3,115860,30
3,115890,30
3,115920,30
3,115950,30
3,115980,30
3,116010,30
3,116040,30
3,116070,30
3,116100,30
3,116130,30
3,116160,30
3,116190,30
3,116850,660
3,116880,30
3,116910,30
3,116940,30
3,116970,30
3,117000,30
3,117030,30
3,117060,30
3,117090,30
3,117120,30
3,117630,510
3,117690,60
3,117750,60
3,117810,60
3,117870,60
3,117930,60
3,117990,60
3,118050,60
3,118110,60
3,118170,60
3,118230,60
3,118290,60
3,118350,60
3,118410,60
3,118470,60
3,118530,60
3,118590,60
3,118650,60
3,118710,60
3,118770,60
3,118830,60
3,118890,60
3,118950,60
3,119460,510
3,119490,30
3,119520,30
3,119550,30
3,119580,30
3,119610,30
3,119640,30
3,119670,30
3,119700,30
3,119730,30
3,119760,30
3,120750,990
3,120780,30
3,120810,30
3,120840,30
3,120870,30
3,120900,30
3,120930,30
3,120960,30
3,120990,30
3,121020,30
3,121050,30
3,121080,30
3,121110,30
3,121140,30
3,121170,30
3,121200,30
3,121230,30
3,121260,30
3,121290,30
3,121320,30
3,121350,30
3,121380,30
3,121410,30
3,121440,30
3,121470,30
3,121500,30
3,121530,30
3,122220,690
3,122250,30
3,122280,30
3,122310,30
3,122340,30
3,122370,30
3,122400,30
3,122430,30
3,122460,30
3,122490,30
3,122520,30
3,122550,30
3,122730,180
3,122760,30
3,122790,30
3,122820,30
3,122850,30
3,122880,30
3,122910,30
3,122940,30
3,122970,30
3,123000,30
3,123030,30
3,125730,2700
3,125760,30
3,125790,30
3,125820,30
3,125850,30
3,125880,30
3,126000,120
3,126060,60
3,126120,60
3,126180,60
3,126210,30
3,126240,30
3,126270,30
3,126300,30
3,126330,30
3,126360,30
3,126390,30
3,126420,30
3,126450,30
3,126480,30
3,126540,60
3,126600,60
3,126660,60
3,126720,60
3,126780,60
3,126840,60
3,126900,60
3,126960,60
3,127020,60
3,127080,60
3,127140,60
3,127380,240
3,127440,60
3,127500,60
3,127560,60
3,127620,60
3,127680,60
3,127740,60
3,127800,60
3,127860,60
3,127920,60
3,127980,60
3,128040,60
3,128100,60
3,128160,60
3,128220,60
3,128280,60
3,128340,60
3,128400,60
3,129870,1470
3,129900,30
3,129930,30
3,129960,30
3,129990,30
3,130020,30
3,130050,30
3,130260,210
3,130290,30
3,130320,30
3,130350,30
3,130380,30
3,130410,30
3,130440,30
3,131700,1260
3,131730,30
3,131760,30
3,131790,30
3,131820,30
3,131850,30
3,131880,30
3,131910,30
3,136020,4110
3,136050,30
3,136080,30
3,136110,30
3,136140,30
3,136170,30
3,136200,30
3,136230,30
3,136260,30
3,136290,30
3,136320,30
3,136590,270
3,136650,60
3,136710,60
3,136770,60
3,136830,60
3,136890,60
3,136950,60
3,137010,60
3,137070,60
3,137130,60
3,137190,60
3,137250,60
3,137310,60
3,137370,60
3,137430,60
3,137490,60
3,137550,60
3,137610,60
3,137670,60
3,137730,60
3,137790,60
3,137850,60
3,137910,60
3,137970,60
3,138030,60
3,138090,60
3,138150,60
3,139860,1710
3,139890,30
3,139920,30
3,139950,30
3,139980,30
3,140010,30
3,140040,30
3,140070,30
3,140100,30
3,140130,30
3,140160,30
3,140460,300
3,140490,30
3,140520,30
3,140550,30
3,140580,30
3,140610,30
3,140640,30
3,140670,30
3,140700,30
3,140760,60
3,140820,60
3,141330,510
3,141360,30
3,141390,30
3,141420,30
3,141450,30
3,141480,30
3,141510,30
3,141540,30
3,141570,30
3,143040,1470
3,143070,30
3,143100,30
3,143130,30
3,143160,30
3,143190,30
4,45420,0
4,45450,30
4,45480,30
4,45510,30
4,45540,30
4,45570,30
4,45600,30
4,45660,60
4,45720,60
4,45750,30
4,45780,30
4,45810,30
4,45840,30
4,45870,30
4,48750,2880
4,48780,30
4,48810,30
4,48840,30
4,48870,30
4,48900,30
4,48930,30
4,48960,30
4,48990,30
4,49020,30
4,49050,30
4,49080,30
4,49110,30
4,49140,30
4,49170,30
4,49200,30
4,49230,30
4,49260,30
4,49290,30
4,49320,30
4,49350,30
4,49770,420
4,49800,30
4,49830,30
4,49860,30
4,49890,30
4,49920,30
4,49950,30
4,49980,30
4,50010,30
4,50190,180
4,50850,660
4,50880,30
4,50910,30
4,50940,30
4,50970,30
4,51000,30
4,51030,30
4,51060,30
4,51090,30
4,51120,30
4,51150,30
4,51180,30
4,51210,30
4,51240,30
4,51270,30
4,51300,30
4,51330,30
4,51360,30
4,51600,240
4,51630,30
4,51660,30
4,51690,30
4,51720,30
4,51780,60
4,51810,30
4,51840,30
4,51870,30
4,51900,30
4,51990,90
4,52020,30
4,52050,30
4,52080,30
4,52140,60
4,52290,150
4,52350,60
4,52410,60
4,52470,60
4,53280,810
4,53310,30
4,53340,30
4,53370,30
4,53400,30
4,53430,30
4,53460,30
4,53490,30
4,53520,30
4,53550,30
4,55350,1800
4,55380,30
4,55410,30
4,55440,30
4,55470,30
4,55500,30
4,55530,30
4,55560,30
4,56070,510
4,56100,30
4,56130,30
4,56160,30
4,56190,30
4,56220,30
4,56730,510
4,56760,30
4,56790,30
4,56820,30
4,56850,30
4,56880,30
4,56910,30
4,56940,30
4,56970,30
4,57000,30
4,57030,30
4,57060,30
4,57090,30
4,57120,30
4,57150,30
4,57180,30
4,57210,30
4,57240,30
4,57300,60
4,57330,30
4,57360,30
4,57390,30
4,57420,30
4,57450,30
4,57480,30
4,57510,30
4,57540,30
4,57570,30
4,57600,30
4,57630,30
4,57660,30
4,57690,30
4,57720,30
4,57750,30
4,57780,30
4,57810,30
4,57840,30
4,57870,30
4,57900,30
4,57930,30
4,57960,30
4,57990,30
4,58020,30
4,58050,30
4,58470,420
4,58500,30
4,58530,30
4,58560,30
4,58590,30
4,58620,30
4,58680,60
4,58740,60
4,58770,30
4,58800,30
4,58830,30
4,58860,30
4,59550,690
4,59580,30
4,59610,30
4,59820,210
4,59880,60
4,59940,60
4,60000,60
4,60060,60
4,60120,60
4,60240,120
4,60300,60
4,60360,60
4,60390,30
4,60420,30
4,60450,30
4,60480,30
4,60510,30
4,60540,30
4,60570,30
4,60600,30
4,60630,30
4,60690,60
4,60720,30
4,60750,30
4,60780,30
4,60810,30
4,60840,30
4,60870,30
4,61500,630
4,61530,30
4,61560,30
4,61590,30
4,61620,30
4,61650,30
4,61680,30
4,61710,30
4,65250,3540
4,65280,30
4,65310,30
4,65340,30
4,65370,30
4,65400,30
4,65430,30
4,65460,30
4,65490,30
4,65520,30
4,65700,180
4,65730,30
4,65760,30
4,65790,30
4,65820,30
4,65850,30
4,65880,30
4,65910,30
4,67590,1680
4,68160,570
4,68190,30
4,68220,30
4,68250,30
4,68280,30
4,68310,30
4,68340,30
4,68370,30
4,68400,30
4,70110,1710
4,70140,30
4,70170,30
4,70200,30
4,70230,30
4,70260,30
4,70290,30
4,70320,30
4,70350,30
4,72000,1650
4,72030,30
4,72060,30
4,72090,30
4,72120,30
4,72150,30
4,72180,30
4,72210,30
4,72240,30
4,75090,2850
4,75120,30
4,75150,30
4,75180,30
4,75420,240
4,75480,60
4,75540,60
4,75600,60
4,75630,30
4,75660,30
4,75690,30
4,75720,30
4,75780,60
4,75840,60
4,75900,60
4,75960,60
4,76020,60
4,76080,60
4,76500,420
4,76560,60
4,76620,60
4,76680,60
4,76740,60
4,77130,390
4,77190,60
4,77250,60
4,77310,60
4,77370,60
4,77430,60
4,77490,60
4,77520,30
4,77550,30
4,77580,30
4,77610,30
4,77640,30
4,77670,30
4,77700,30
4,77730,30
4,77760,30
4,77790,30
4,78150,360
4,78210,60
4,78270,60
4,78330,60
4,78360,30
4,78390,30
4,78420,30
4,78450,30
4,78480,30
4,78780,300
4,78840,60
4,78900,60
4,78960,60
4,79020,60
4,79050,30
4,79080,30
4,79110,30
4,79140,30
4,79170,30
4,79200,30
4,79230,30
4,79650,420
4,79680,30
4,79710,30
4,79740,30
4,79770,30
4,79800,30
4,79830,30
4,79860,30
4,79890,30
4,79920,30
4,79950,30
4,79980,30
4,80010,30
4,80040,30
4,80070,30
4,80100,30
4,80130,30
4,80160,30
4,80730,570
4,80760,30
4,80790,30
4,80820,30
4,80850,30
4,80880,30
4,80910,30
4,80940,30
4,80970,30
4,81000,30
4,81030,30
4,81060,30
4,81090,30
4,81120,30
4,81150,30
4,81180,30
4,81210,30
4,81240,30
4,81270,30
4,81780,510
4,81810,30
4,81840,30
4,81870,30
4,81900,30
4,81930,30
4,81960,30
4,81990,30
4,82020,30
4,82050,30
4,82080,30
4,82110,30
4,82140,30
4,82170,30
4,82200,30
4,82230,30
4,82260,30
4,82290,30
4,82830,540
4,82860,30
4,82890,30
4,82920,30
4,82950,30
4,82980,30
4,83010,30
4,83040,30
4,83070,30
4,83100,30
4,83130,30
4,83160,30
4,83190,30
4,83220,30
4,83640,420
4,83670,30
4,83700,30
4,83730,30
4,83760,30
4,83790,30
4,83820,30
4,83850,30
4,83880,30
4,83910,30
4,83940,30
4,83970,30
4,84000,30
4,84030,30
4,84060,30
4,84090,30
4,84120,30
4,84150,30
4,84180,30
4,84210,30
4,84240,30
4,84270,30
4,84300,30
4,84330,30
4,84360,30
4,84390,30
4,84420,30
4,84450,30
4,84480,30
4,84510,30
4,84540,30
4,84570,30
4,84600,30
4,84630,30
4,84660,30
4,84690,30
4,84720,30
4,84780,60
4,84840,60
4,84900,60
4,84960,60
4,85020,60
4,85080,60
4,85140,60
4,85170,30
4,85200,30
4,85230,30
4,85260,30
4,85290,30
4,85320,30
4,85350,30
4,85380,30
4,85410,30
4,85440,30
4,85470,30
4,85530,60
4,85590,60
4,85620,30
4,85650,30
4,85680,30
4,85710,30
4,85890,180
4,85920,30
4,85950,30
4,85980,30
4,86010,30
4,86040,30
4,86070,30
4,86100,30
4,86820,720
4,86850,30
4,86880,30
4,86910,30
4,86940,30
4,86970,30
4,87000,30
4,87030,30
4,87060,30
4,87090,30
4,87120,30
4,87240,120
4,87270,30
4,87300,30
4,87330,30
4,87360,30
4,89880,2520
4,89910,30
4,89940,30
4,89970,30
4,90000,30
4,90030,30
4,90060,30
4,90090,30
4,90150,60
4,90210,60
4,90300,90
4,90330,30
4,90360,30
4,90390,30
4,90420,30
4,90450,30
4,90480,30
4,90510,30
4,90540,30
4,90600,60
4,90660,60
4,90690,30
4,90720,30
4,90750,30
4,90780,30
4,90810,30
4,90840,30
4,91050,210
4,91110,60
4,91170,60
4,91200,30
4,91230,30
4,91260,30
4,91290,30
4,91410,120
4,91470,60
4,91530,60
4,91590,60
4,91650,60
4,91830,180
4,91890,60
4,91950,60
4,92010,60
4,92070,60
4,92130,60
4,92430,300
4,92490,60
4,92550,60
4,92610,60
4,92670,60
4,92730,60
4,92760,30
4,92790,30
4,92820,30
4,92850,30
4,92880,30
4,92910,30
4,92970,60
4,93030,60
4,93060,30
4,93090,30
4,93120,30
4,93690,570
4,93750,60
4,93810,60
4,93870,60
4,93900,30
4,93930,30
4,93960,30
4,93990,30
4,94020,30
4,94050,30
4,94080,30
4,94110,30
4,95820,1710
4,95850,30
4,98220,2370
4,98250,30
4,98280,30
4,98310,30
4,98340,30
4,98370,30
4,98430,60
4,98490,60
4,98520,30
4,98550,30
4,98580,30
4,99600,1020
4,99660,60
4,99720,60
4,99780,60
5,2760,0
5,2790,30
5,2820,30
5,2850,30
5,2880,30
5,2910,30
5,2940,30
5,2970,30
5,4950,1980
5,4980,30
5,5010,30
5,5040,30
5,5070,30
5,5100,30
5,5130,30
5,5160,30
5,5190,30
5,5220,30
5,5280,60
5,5340,60
5,6180,840
5,6240,60
5,6300,60
5,6360,60
5,6720,360
5,6780,60
5,6840,60
5,6900,60
5,6960,60
5,7020,60
5,7080,60
5,7410,330
5,7440,30
5,7470,30
5,7500,30
5,7530,30
5,7560,30
5,7590,30
5,7650,60
5,9540,1890
5,9570,30
5,9600,30
5,9630,30
5,9660,30
5,9690,30
5,9720,30
5,9750,30
5,9780,30
5,9810,30
5,9840,30
5,9900,60
5,9960,60
5,10200,240
5,10230,30
5,10260,30
5,10290,30
5,10320,30
5,10350,30
5,10380,30
5,10410,30
5,10440,30
5,10470,30
5,10500,30
5,10530,30
5,10560,30
5,10590,30
5,10620,30
5,10650,30
5,10680,30
5,10710,30
5,10740,30
5,10770,30
5,10800,30
5,10830,30
5,10860,30
5,10890,30
5,10920,30
5,11130,210
5,11160,30
5,11190,30
5,11220,30
5,11250,30
5,11310,60
5,11370,60
5,11430,60
5,11490,60
5,11760,270
5,11790,30
5,11820,30
5,11850,30
5,11880,30
5,11910,30
5,11940,30
5,13650,1710
5,13680,30
5,13710,30
5,13740,30
5,13770,30
5,13800,30
5,13830,30
5,13860,30
5,13890,30
5,16050,2160
5,16110,60
5,16170,60
5,17370,1200
5,17430,60
5,17490,60
5,17550,60
5,17670,120
5,17730,60
5,17790,60
5,17850,60
5,19980,2130
5,20010,30
5,20040,30
5,20070,30
5,20100,30
5,20130,30
5,20160,30
5,20190,30
5,20220,30
5,20250,30
5,20280,30
5,20310,30
5,20340,30
5,20370,30
5,20400,30
5,20430,30
5,20460,30
5,20490,30
5,20520,30
5,20640,120
5,20670,30
5,20700,30
5,20730,30
5,20760,30
5,20790,30
5,20820,30
5,20850,30
5,20880,30
5,20940,60
5,21000,60
5,21060,60
5,21090,30
5,21150,60
5,21210,60
5,21270,60
5,21990,720
5,22050,60
5,22110,60
5,22170,60
5,23550,1380
5,23610,60
5,23670,60
5,23730,60
5,23790,60
5,25680,1890
5,25740,60
5,25800,60
5,25860,60
5,25990,130
5,26020,30
5,26050,30
5,26080,30
5,26160,80
5,26220,60
5,26280,60
5,26340,60
5,26400,60
5,26460,60
5,26520,60
5,27570,1050
5,27630,60
5,27690,60
5,27930,240
5,27990,60
5,28050,60
5,29550,1500
5,29610,60
5,29670,60
5,29730,60
5,30300,570
5,30360,60
5,30420,60
5,30480,60
5,30540,60
5,30600,60
5,30660,60
5,30780,120
5,30810,30
5,30840,30
5,30870,30
5,30900,30
5,30930,30
5,30960,30
5,30990,30
5,31020,30
5,32280,1260
5,32310,30
5,32340,30
5,32370,30
5,32400,30
5,32430,30
5,32460,30
5,32490,30
5,32520,30
5,32940,420
5,32970,30
5,33000,30
5,33030,30
5,33060,30
5,33090,30
5,33120,30
5,33150,30
5,33180,30
5,33210,30
5,33240,30
5,33270,30
5,33300,30
5,33330,30
5,33360,30
5,33390,30
5,33420,30
5,33480,60
5,33540,60
5,33600,60
5,33660,60
5,33720,60
5,33780,60
5,33840,60
5,33900,60
5,33930,30
5,33960,30
5,33990,30
5,34020,30
5,34050,30
5,34080,30
5,34110,30
5,34140,30
5,34170,30
5,34230,60
5,34290,60
5,34350,60
5,34410,60
5,34470,60
5,34710,240
5,35070,360
5,35100,30
5,35130,30
5,35160,30
5,35190,30
5,35250,60
5,35310,60
5,35370,60
5,35430,60
5,35490,60
5,35550,60
5,35610,60
5,35670,60
5,36810,1140
5,36870,60
5,37500,630
5,37530,30
5,37560,30
5,37590,30
5,37620,30
5,37650,30
5,37680,30
5,39030,1350
5,39060,30
5,39090,30
5,39120,30
5,39150,30
5,42840,3690
5,42870,30
5,42900,30
5,42930,30
5,42960,30
5,43020,60
5,43080,60
5,43140,60
5,45420,2280
5,45480,60
5,45840,360
5,45900,60
5,45960,60
5,46650,690
5,46680,30
5,46710,30
5,46740,30
5,46770,30
5,46800,30
5,46830,30
5,46860,30
5,46890,30
5,46920,30
5,46950,30
5,46980,30
5,47550,570
5,47610,60
5,47670,60
5,47730,60
5,47790,60
5,47850,60
5,47910,60
5,47970,60
5,48030,60
5,48090,60
5,51210,3120
5,51240,30
5,51270,30
5,51300,30
5,51330,30
5,51360,30
5,51420,60
5,51480,60
5,51540,60
5,51600,60
5,51660,60
5,51720,60
5,51780,60
5,52980,1200
5,53040,60
5,53340,300
5,53400,60
5,53460,60
5,53520,60
5,53580,60
5,53880,300
5,53940,60
5,54000,60
5,54060,60
5,54120,60
5,55470,1350
5,55500,30
5,55530,30
5,55560,30
5,55590,30
5,55620,30
5,55650,30
5,55680,30
5,55710,30
5,56100,390
5,56130,30
5,56160,30
5,56190,30
5,56220,30
5,56250,30
5,56280,30
5,56340,60
5,56790,450
5,56820,30
5,56850,30
5,56880,30
5,56910,30
5,56940,30
5,56970,30
5,57000,30
5,58200,1200
5,58230,30
5,58260,30
5,58290,30
5,58320,30
5,58380,60
5,58440,60
5,58500,60
5,58560,60
5,58620,60
5,59160,540
5,59220,60
5,59280,60
5,60030,750
5,60060,30
5,60090,30
5,60120,30
5,60150,30
5,60180,30
5,60210,30
5,60240,30
5,60270,30
5,60330,60
5,60390,60
5,60540,150
5,60570,30
5,60600,30
5,60630,30
5,60660,30
5,60690,30
5,60720,30
5,60750,30
5,60780,30
5,60810,30
5,60930,120
5,60960,30
5,60990,30
5,61020,30
5,61050,30
5,61080,30
5,61110,30
5,61140,30
5,61200,60
5,61260,60
5,61320,60
5,61380,60
5,61440,60
5,61500,60
5,61560,60
5,61620,60
5,62070,450
5,62100,30
5,62130,30
5,62160,30
5,62190,30
5,62220,30
5,62250,30
5,62310,60
5,62370,60
5,62430,60
5,62490,60
5,62550,60
5,63540,990
5,63570,30
5,63600,30
5,63630,30
5,63660,30
5,63690,30
5,63720,30
5,63750,30
5,63780,30
5,64620,840
5,64650,30
5,64680,30
5,64710,30
5,64740,30
5,64770,30
5,64800,30
5,64830,30
5,65460,630
5,65520,60
5,66060,540
5,66120,60
5,67800,1680
5,67860,60
5,67920,60
5,67980,60
5,68040,60
5,69390,1350
5,69420,30
5,69450,30
5,69480,30
5,69510,30
5,69540,30
5,69570,30
5,69600,30
5,69630,30
5,69660,30
5,70830,1170
5,70890,60
5,70950,60
5,71010,60
5,71070,60
5,71130,60
5,71190,60
5,71250,60
5,71310,60
5,71370,60
5,71430,60
5,71490,60
5,71550,60
5,71610,60
5,71670,60
5,72180,510
5,72240,60
5,72300,60
5,72360,60
5,72420,60
5,72480,60
5,72540,60
5,72600,60
5,72660,60
5,72720,60
5,72780,60
5,72840,60
5,72900,60
5,72960,60
5,73020,60
5,73080,60
5,73140,60
5,73200,60
5,73260,60
5,73320,60
5,73380,60
5,73440,60
5,73500,60
5,73560,60
5,73620,60
5,73680,60
5,73740,60
5,73800,60
5,73860,60
5,73980,120
5,74040,60
5,74100,60
5,74160,60
5,74220,60
5,75060,840
5,75090,30
5,75120,30
5,75150,30
5,75180,30
5,75210,30
5,75240,30
5,75270,30
5,75300,30
5,78060,2760
5,78090,30
5,78120,30
5,78150,30
5,78180,30
5,78210,30
5,78240,30
5,78270,30
5,78300,30
5,78480,180
5,78540,60
5,78600,60
5,79620,1020
5,79710,90
5,79740,30
5,79770,30
5,79800,30
5,79830,30
5,79860,30
5,79890,30
5,79920,30
5,79950,30
5,79980,30
5,80010,30
5,80040,30
5,80070,30
5,80100,30
5,80130,30
5,80160,30
5,80190,30
5,80220,30
5,80250,30
5,80280,30
5,80580,300
5,80610,30
5,80640,30
5,80670,30
5,80700,30
5,80730,30
5,80760,30
5,80790,30
5,80820,30
5,80850,30
5,80880,30
5,80910,30
5,80940,30
5,80970,30
5,81000,30
5,81030,30
5,81060,30
5,81090,30
5,81120,30
5,81150,30
5,81210,60
5,81270,60
5,81330,60
5,81390,60
5,81420,30
5,81450,30
5,81480,30
5,81510,30
5,81540,30
5,81570,30
5,81600,30
5,81630,30
5,82530,900
5,82560,30
5,82590,30
5,82620,30
5,82650,30
5,82680,30
5,82710,30
5,83310,600
5,83340,30
5,83370,30
5,83400,30
5,83430,30
5,85020,1590
5,85050,30
5,85080,30
5,85110,30
5,85140,30
5,85170,30
5,85230,60
5,85290,60
5,85350,60
5,85410,60
5,85470,60
5,85530,60
5,85920,390
5,85950,30
5,85980,30
5,86010,30
5,86040,30
5,86070,30
5,86100,30
5,86130,30
5,86190,60
5,86250,60
5,86310,60
5,86370,60
5,86550,180
5,86580,30
5,86610,30
5,86640,30
5,86670,30
5,86700,30
5,86730,30
5,86760,30
5,86790,30
5,89010,2220
5,89040,30
5,89070,30
5,89100,30
5,89130,30
5,89160,30
5,89190,30
5,89220,30
5,89250,30
5,89310,60
5,89370,60
5,89430,60
5,91470,2040
5,91500,30
5,91530,30
5,91560,30
5,93150,1590
5,93180,30
5,93210,30
5,93240,30
5,93270,30
5,93300,30
5,93330,30
5,93360,30
5,93390,30
5,93420,30
5,93450,30
5,93810,360
5,93990,180
5,94020,30
5,94050,30
5,94080,30
5,94110,30
5,94140,30
5,94170,30
5,94200,30
5,94230,30
5,94260,30
5,94290,30
5,94320,30
5,94350,30
5,94380,30
5,94410,30
5,94470,60
5,94530,60
5,94590,60
5,94650,60
5,94710,60
5,94770,60
5,94830,60
5,94890,60
5,94950,60
5,95010,60
5,95100,90
5,95160,60
5,95220,60
5,95280,60
5,95340,60
5,95400,60
5,95610,210
5,95670,60
5,95730,60
5,96150,420
5,96210,60
5,96270,60
5,96330,60
5,96390,60
5,96450,60
5,96510,60
5,96570,60
5,96630,60
5,97080,450
5,97110,30
5,97140,30
5,97170,30
5,97200,30
5,97230,30
5,97260,30
5,97770,510
5,97800,30
5,97830,30
5,97860,30
5,97890,30
5,97920,30
5,97950,30
5,98010,60
5,98070,60
5,98130,60
5,98190,60
5,98250,60
5,99090,840
5,99510,420
5,99540,30
5,99570,30
5,99600,30
5,99630,30
5,99690,60
5,99870,180
5,99900,30
5,99930,30
5,99960,30
5,99990,30
5,100020,30
5,100050,30
5,100080,30
5,100110,30
5,100140,30
5,100170,30
5,100200,30
5,100230,30
5,100260,30
5,101610,1350
5,101640,30
5,101670,30
5,101700,30
5,101730,30
5,101760,30
5,101820,60
5,101850,30
5,101880,30
5,101910,30
5,101940,30
5,101970,30
5,102000,30
5,102030,30
5,102060,30
5,102090,30
5,102120,30
5,102150,30
5,102180,30
5,102210,30
5,102240,30
5,102270,30
5,102300,30
5,102330,30
5,102390,60
5,102450,60
5,102510,60
5,102570,60
5,102750,180
5,102780,30
5,102810,30
5,102840,30
5,102870,30
5,102900,30
5,102930,30
5,102960,30
5,102990,30
5,103020,30
5,103050,30
5,103080,30
5,103110,30
5,103140,30
5,103170,30
5,103200,30
5,103230,30
5,104700,1470
5,104730,30
5,104760,30
5,104790,30
5,104820,30
5,104850,30
5,104880,30
5,104940,60
5,105000,60
5,106350,1350
5,106380,30
5,106410,30
5,106440,30
5,106470,30
5,106500,30
5,106530,30
5,106590,60
5,106650,60
5,106710,60
5,106770,60
5,107100,330
5,107130,30
5,107160,30
5,107190,30
5,107220,30
5,107250,30
5,107280,30
5,107310,30
5,107370,60
5,107430,60
5,107490,60
5,107550,60
5,107610,60
5,107670,60
5,107730,60
5,108030,300
5,108060,30
5,108090,30
5,108120,30
5,108150,30
5,108180,30
5,108210,30
5,108240,30
5,108270,30
5,108300,30
5,108690,390
5,109260,570
5,109290,30
5,109320,30
5,109350,30
5,109380,30
5,109650,270
5,109680,30
5,109710,30
5,109740,30
5,109770,30
5,109800,30
5,109830,30
5,110220,390
5,110250,30
5,110280,30
5,110310,30
5,110340,30
5,110370,30
5,111750,1380
5,111780,30
5,111810,30
5,111840,30
5,111870,30
5,111900,30
5,111930,30
5,111960,30
5,111990,30
5,112020,30
5,112050,30
5,112380,330
5,112410,30
5,112440,30
5,112470,30
5,112500,30
5,112560,60
5,112620,60
5,112680,60
5,114870,2190
5,114930,60
5,114990,60
5,115050,60
5,115110,60
5,115170,60
5,115350,180
5,115410,60
5,115470,60
5,115530,60
5,115590,60
5,115680,90
5,115740,60
5,115800,60
5,115860,60
5,115920,60
5,115980,60
5,116040,60
5,116100,60
5,117570,1470
5,117630,60
5,117690,60
5,117750,60
5,117810,60
5,117870,60
5,117930,60
5,117990,60
5,118020,30
5,118050,30
5,118080,30
5,118110,30
5,118140,30
5,118170,30
5,118200,30
5,118230,30
5,118260,30
5,118290,30
5,118320,30
5,118350,30
5,118410,60
5,118440,30
5,118470,30
5,118500,30
5,118530,30
5,118560,30
5,118590,30
5,118650,60
5,118710,60
5,119670,960
5,119700,30
5,119730,30
5,119760,30
5,119790,30
5,119820,30
5,119850,30
5,119880,30
5,119910,30
5,120600,690
5,120630,30
5,120660,30
5,120690,30
5,120720,30
5,120780,60
5,120840,60
5,120900,60
5,120960,60
5,121020,60
5,121080,60
5,121890,810
5,121920,30
5,121950,30
5,121980,30
5,122010,30
5,122040,30
5,122070,30
5,122970,900
5,123030,60
5,123090,60
5,123150,60
5,123450,300
5,123480,30
5,123510,30
5,123540,30
5,123570,30
5,123600,30
5,123630,30
5,123660,30
5,123690,30
5,123720,30
5,123750,30
5,123810,60
5,123870,60
5,123930,60
5,123990,60
5,124050,60
5,124110,60
5,124170,60
5,124230,60
5,124290,60
5,124350,60
5,124410,60
5,124470,60
5,124950,480
5,125010,60
5,125070,60
5,125130,60
5,126690,1560
5,126750,60
5,126810,60
5,126870,60
5,126960,90
5,127020,60
5,127080,60
5,127140,60
5,127200,60
5,127260,60
5,127320,60
5,127380,60
5,127710,330
5,127740,30
5,127770,30
5,127800,30
5,127830,30
5,127860,30
5,127890,30
5,127920,30
5,127950,30
5,127980,30
5,128010,30
5,128040,30
5,128190,150
5,128220,30
5,128250,30
5,128280,30
5,128310,30
5,128340,30
5,128370,30
5,128430,60
5,128490,60
5,128670,180
5,128730,60
5,128790,60
5,128850,60
5,131220,2370
5,131280,60
5,131430,150
5,131490,60
5,131550,60
5,131610,60
5,131670,60
5,131730,60
5,131790,60
5,131850,60
5,131910,60
5,131970,60
5,132030,60
5,132090,60
5,132150,60
5,132390,240
5,132450,60
5,132510,60
5,132750,240
5,132780,30
5,132810,30
5,132840,30
5,132870,30
5,132900,30
5,132930,30
5,132990,60
5,133050,60
5,133110,60
5,133170,60
5,133290,120
5,133350,60
5,133410,60
5,133890,480
5,133920,30
5,133950,30
5,133980,30
5,134010,30
5,134040,30
5,134070,30
5,134100,30
5,134130,30
5,134160,30
5,134190,30
5,134220,30
5,134250,30
5,134280,30
5,134310,30
5,134370,60
5,134430,60
5,134490,60
5,134550,60
5,134610,60
5,134670,60
5,134730,60
5,134790,60
5,134850,60
5,134910,60
5,134970,60
5,135030,60
5,135090,60
5,135150,60
5,135480,330
5,135510,30
5,135540,30
5,135570,30
5,135600,30
5,135630,30
5,135660,30
5,135720,60
5,135780,60
5,135840,60
5,136260,420
5,136320,60
5,136380,60
5,136440,60
5,137310,870
5,137370,60
5,137430,60
5,137490,60
5,141180,3690
5,141210,30
5,141240,30
5,141270,30
5,141300,30
5,141330,30
5,141390,60
5,141450,60
5,141510,60
5,141810,300
5,141870,60
5,141930,60
5,143490,1560
5,143550,60
5,143610,60
5,144360,750
5,144390,30
5,144420,30
5,144450,30
5,144480,30
5,144510,30
5,144540,30
5,144570,30
5,144600,30
5,144630,30
5,144690,60
5,144750,60
5,144810,60
5,146010,1200
5,146070,60
5,146130,60
5,146190,60
5,146250,60
5,146310,60
5,146370,60
5,146430,60
5,146490,60
5,146640,150
5,146700,60
5,146760,60
5,146820,60
5,146880,60
5,146940,60
5,147000,60
5,147060,60
5,147120,60
5,147180,60
5,147240,60
5,147300,60
5,147360,60
5,148290,930
5,148350,60
5,150870,2520
5,150930,60
5,150990,60
5,151050,60
5,151110,60
5,151170,60
5,151230,60
5,151290,60
5,153510,2220
5,153540,30
5,153570,30
5,153600,30
5,153630,30
5,153660,30
5,153690,30
5,153720,30
5,153750,30
5,153780,30
5,153810,30
5,153870,60
5,153930,60
5,153990,60
5,154050,60
5,154080,30
5,154140,60
5,154200,60
5,154260,60
5,154320,60
5,154380,60
5,154410,30
5,154440,30
5,154470,30
5,154500,30
5,154530,30
5,154590,60
5,154650,60
5,154710,60
5,154890,180
5,154920,30
5,154950,30
5,154980,30
5,155010,30
5,155040,30
5,155070,30
5,155100,30
5,155130,30
5,155160,30
5,155190,30
5,155220,30
5,155250,30
5,155310,60
5,155550,240
5,155610,60
5,155670,60
5,155730,60
5,155790,60
5,155970,180
5,156000,30
5,156030,30
5,156090,60
5,156150,60
5,156210,60
5,156750,540
5,156810,60
5,156840,30
5,156870,30
5,156900,30
5,156930,30
5,156960,30
5,156990,30
5,157020,30
5,157050,30
5,157080,30
5,157110,30
5,157200,90
5,157230,30
5,157260,30
5,157290,30
5,157320,30
5,157350,30
5,157380,30
5,157410,30
5,157440,30
5,158220,780
5,158280,60
5,158340,60
5,158400,60
5,158460,60
5,158520,60
5,158580,60
5,158640,60
5,158700,60
5,158760,60
5,158820,60
5,158880,60
5,159840,960
5,159870,30
5,159900,30
5,159930,30
5,159960,30
5,159990,30
5,160050,60
5,160110,60
5,160590,480
5,160620,30
5,160650,30
5,160680,30
5,160710,30
5,160740,30
5,160800,60
5,160860,60
5,160920,60
5,160980,60
5,161040,60
5,161100,60
5,161160,60
5,161370,210
5,161430,60
5,161490,60
5,161550,60
5,161610,60
5,161670,60
5,161730,60
5,162090,360
5,162450,360
5,162690,240
5,162750,60
5,162990,240
5,163050,60
5,163110,60
5,163170,60
5,163230,60
5,163290,60
5,165720,2430
5,165780,60
5,165840,60
5,165900,60
5,165960,60
5,169320,3360
5,169380,60
5,169440,60
5,169500,60
5,169560,60
5,169620,60
5,169680,60
5,169740,60
5,169800,60
5,169860,60
5,169920,60
5,169980,60
5,170040,60
5,170100,60
5,170160,60
5,170220,60
5,170280,60
5,170340,60
5,170400,60
5,170880,480
5,170940,60
5,171000,60
5,171060,60
5,171120,60
5,171180,60
5,171240,60
5,171630,390
5,171690,60
5,171750,60
5,172290,540
5,172350,60
5,172410,60
5,172470,60
5,172530,60
5,172590,60
5,172650,60
5,173160,510
5,173220,60
5,173280,60
5,175710,2430
5,175770,60
5,175830,60
5,175890,60
5,175950,60
5,178170,2220
5,178200,30
5,178230,30
5,178260,30
5,178290,30
5,178320,30
5,178350,30
5,178380,30
5,178410,30
5,178440,30
5,178470,30
5,178530,60
5,178590,60
5,178650,60
5,179430,780
5,179460,30
5,179490,30
5,179520,30
5,179550,30
5,179580,30
5,179610,30
5,179640,30
5,179700,60
5,179760,60
5,179820,60
5,179880,60
5,180240,360
5,180270,30
5,180300,30
5,180330,30
5,180360,30
5,180390,30
5,180420,30
5,180450,30
5,180480,30
5,180510,30
